Lokaliz. funkc.;Oznaczenie;Zakład planow.
PLPA;Ferrero Polska;PLPA
PLPA-CM;Inwestycje;PLPA
PLPA-CM-999;Inwestycje;PLPA
PLPA-CM-999-000001;Inwestycje;PLPA
PLPA-CM-999-000001-001;Inwestycje;PLPA
PLPA-EN;Ferrero Polska Energhe;PLPA
PLPA-EN-001;Energhe;PLPA
PLPA-EN-001-100000;Energhe;PLPA
PLPA-EN-001-100000-001;Energhe Materiały i usługi;PLPA
PLPA-EN-031;(NIE UŻYWAĆ) KOTŁOWNIE I URZĄDZENIA;PLPA
PLPA-EN-031-100000;(NIE UŻYWAĆ) KOTŁOWNIE;PLPA
PLPA-EN-031-100000-001;KOTŁOWNIA NR.1;PLPA
PLPA-EN-031-100000-002;KOTŁOWNIA NR.2;PLPA
PLPA-EN-031-100001;(NIE UŻYWAĆ) URZĄDZENIA POMOCNICZE;PLPA
PLPA-EN-031-100001-001;SILNIK JENBACHER;PLPA
PLPA-EN-031-100001-002;TURBINA MERCURY M50;PLPA
PLPA-EN-031-100001-003;KOMPRESOR GAZU;PLPA
PLPA-EN-031-100001-004;XXXXXXX;PLPA
PLPA-EN-031-100002;(NIE UŻYWAĆ) KLIMATYZACJA;PLPA
PLPA-EN-031-100002-001;HALA RAFFAELLO - BUDYNEK 6;PLPA
PLPA-EN-031-100002-002;MAGAZYN OPAKOWAŃ - BUDYNEK 5;PLPA
PLPA-EN-031-100002-003;MAGAZYN OPAKOWAŃ-ZAŁADUNEK-BUDYNEK 5;PLPA
PLPA-EN-031-100002-004;HALA FC/KB2 - BUDYNEK 16;PLPA
PLPA-EN-031-100002-005;HALA KJ/KB3/NUT/PLASTIKI - BUDYNEK 15;PLPA
PLPA-EN-031-100002-006;HALA B-READY - BUDYNEK 17;PLPA
PLPA-EN-031-100002-007;HUB-HALA WYSYŁEK - BUDYNEK 18 (A);PLPA
PLPA-EN-031-100002-008;HUB SILOS - BUDYNEK 18;PLPA
PLPA-EN-031-100002-009;HUB MASZYNOWNIA - BUDYNEK 18;PLPA
PLPA-EN-031-100002-010;MAGAZYN SUROWCOW- BUDYNEK 9;PLPA
PLPA-EN-031-100002-011;DEZODORATOR/TICTAC - BUDYNEK 7;PLPA
PLPA-EN-031-100002-012;WARSZTAT MECHANICZNY - BUDYNEK 12;PLPA
PLPA-EN-031-100002-013;ODPRAWA CELNA - BUDYNEK 5;PLPA
PLPA-EN-031-100002-014;BIUROWIEC (HALA RAFFAELLO)-BUDYNEK 6;PLPA
PLPA-EN-031-100002-015;LABORATORIUM;PLPA
PLPA-EN-031-100002-016;BIUROWIEC (B.SOCJALNY)-BUDYNEK 4;PLPA
PLPA-EN-031-100002-017;PREPARACJA 3 - BUDYNEK 14;PLPA
PLPA-EN-031-100002-018;OLEJARNIA 3 - BUDYNEK 21;PLPA
PLPA-EN-031-100002-019;ODRZYWOŁEK;PLPA
PLPA-EN-031-100002-020;LUBLIN;PLPA
PLPA-FA;Ferrero Polska Facility;PLPA
PLPA-FA-001;FAC Budynki  i General Servis;PLPA
PLPA-FA-001-100000;FAC B1 B2 B3 B4 B5 B6 GS MCZ;PLPA
PLPA-FA-001-100000-001;Budynek 1 KS;PLPA
PLPA-FA-001-100000-002;Budynek 2 FC;PLPA
PLPA-FA-001-100000-003;Budynek 3 KJ;PLPA
PLPA-FA-001-100000-004;Budynek 4 TT;PLPA
PLPA-FA-001-100000-005;Budynek 5 plastiki;PLPA
PLPA-FA-001-100000-006;General service;PLPA
PLPA-FA-001-100000-007;Materiały czyszczące;PLPA
PLPA-FA-001-100000-008;Budynek 6 Serwerownia;PLPA
PLPA-FA-001-100000-009;Budynek 7 Bready;PLPA
PLPA-FA-001-100000-010;Odrzywołek;PLPA
PLPA-FA-001-100000-011;Lublin;PLPA
PLPA-FA-001-100000-012;Budynek 7;PLPA
PLPA-FA-001-100000-013;Budynek 8;PLPA
PLPA-LA;Ferrero Polska Laboratorium;PLPA
PLPA-LA-001;LAB;PLPA
PLPA-LA-001-100000;LAB;PLPA
PLPA-LA-001-100000-001;Laboratorium;PLPA
PLPA-LA-002;Obsługa wózków widłowch;PLPA
PLPA-LG;Ferrero Polska Logistyka;PLPA
PLPA-LG-001;LOGISTYKA BELSK;PLPA
PLPA-LG-001-000001-006;SC Warehouse Odrzywolek;PLPA
PLPA-LG-001-100000;Magazyn wyrobu gotowego HUB;PLPA
PLPA-LG-001-100000-001;Budynek duży - HUB;PLPA
PLPA-LG-001-100000-002;Układnice;PLPA
PLPA-LG-001-100000-003;Monorail;PLPA
PLPA-LG-001-100000-004;Strefa wysyłek;PLPA
PLPA-LG-001-100000-005;Przenośniki zasilające;PLPA
PLPA-LG-001-100000-006;Picking/copacking;PLPA
PLPA-LG-001-100000-007;otwarte zlecenia !!!!;PLPA
PLPA-LG-001-100000-008;Nowy łącznik transportowy;PLPA
PLPA-LG-001-100001;Obsługa wózków widłowych;PLPA
PLPA-LG-001-100001-001;Obsługa wózków widłowych Mag Surowców;PLPA
PLPA-LG-001-100001-002;Obsługa wózków widłowych Mag. wyr. gotow;PLPA
PLPA-LG-001-100001-003;Obsługa wózków widłowych Mag. opakowań;PLPA
PLPA-LG-001-100010;Magazyn opakowań;PLPA
PLPA-LG-001-100010-001;Budynek - Magazyn Opakowań;PLPA
PLPA-LG-001-100010-002;Układnice;PLPA
PLPA-LG-001-100010-003;Ring;PLPA
PLPA-LG-001-100010-004;Winda podwójna;PLPA
PLPA-LG-001-100010-005;Przenośnik hala 1;PLPA
PLPA-LG-001-100010-006;Przenośnik hala 2 i 3;PLPA
PLPA-LG-001-100020;Magazyn surowców;PLPA
PLPA-LG-001-100020-010;Magazyn surowców;PLPA
PLPA-LG-001-100020-020;;PLPA
PLPA-LG-001-100020-030;;PLPA
PLPA-LG-001-100030;Magazyn słoików;PLPA
PLPA-LG-001-100030-001;Magazyn słoików;PLPA
PLPA-LG-001-100040;Magazyn form;PLPA
PLPA-LG-001-100040-001;Magazyn form;PLPA
PLPA-LG-001-100050;Magazyn palet;PLPA
PLPA-LG-001-100050-001;Magazyn palet;PLPA
PLPA-LG-001-100060;Magazyn Odrzywołek;PLPA
PLPA-LG-001-100060-001;Budynek - Magazyn Odrzywołek;PLPA
PLPA-LG-001-100070;Regały automatyczne;PLPA
PLPA-LG-001-100070-001;MULTIPACK - KARDEX;PLPA
PLPA-LG-001-100070-002;KINDER JOY/NUTELLA - KARDEX;PLPA
PLPA-LG-001-100070-003;KB2 - HANEL;PLPA
PLPA-LG-001-100070-004;FC - HANEL;PLPA
PLPA-LG-001-100080;Wózki autonomiczne AGV;PLPA
PLPA-LG-001-100080-001;Wózki autonomiczne AGV;PLPA
PLPA-LG-001-100090;Urządzenia dźwigowe;PLPA
PLPA-LG-001-100090-001;Wciągniki;PLPA
PLPA-LG-001-100090-002;Dźwigi;PLPA
PLPA-LG-001-100100;Pojazdy - transport wewnętrzny;PLPA
PLPA-LG-001-100100-001;TIP/TEMA;PLPA
PLPA-LG-001-100100-002;AST;PLPA
PLPA-LG-002;Obsługa wózków widłowch;PLPA
PLPA-LG-002-200000;Obsługa wózków widłowych HUB;PLPA
PLPA-LG-002-200000-001;Serwis wózków widłowych HUB;PLPA
PLPA-LG-002-200000-002;Wynajem wózków widłowych HUB;PLPA
PLPA-LG-002-200000-003;Części zamiene wózków widłowych HUB;PLPA
PLPA-LG-002-300000;Obsługa wózków widłowych Mag. opakowań;PLPA
PLPA-LG-002-300000-001;Serwis wózków widłowych Mag. Opakowań;PLPA
PLPA-LG-002-300000-002;Wynajem wózków widłowych Mag. Opakowań;PLPA
PLPA-LG-002-300000-003;Części zamiene wózków widłowych Mag. Opa;PLPA
PLPA-LG-002-400000;;PLPA
PLPA-LG-002-400000-001;Serwis wózków widłowych Mag. Wyr. Gotowy;PLPA
PLPA-LG-002-400000-002;Wynajem wózków widłowych Mag. Wyr. Gotow;PLPA
PLPA-LG-002-400000-003;Części zamiene wózków widłowych Mag. Got;PLPA
PLPA-LG-002-500000;Obsługa wózków widłowych Mag. Surowców;PLPA
PLPA-LG-002-500000-001;Serwis wózków widłowych Mag Surowców;PLPA
PLPA-LG-002-500000-002;Wynajem wózków widłowych Mag. Surowców;PLPA
PLPA-LG-002-500000-003;Części zamiene wózków widłowych Mag Suro;PLPA
PLPA-LG-002-600000;Obsługa wózków widłowych Mag. chemiczny;PLPA
PLPA-LG-002-600000-001;Obsługa wózków widłowych Mag. chemiczny;PLPA
PLPA-LG-010;Magazyn Surowców;PLPA
PLPA-LG-020;Magazyn Opakowań;PLPA
PLPA-LG-020-100000;Automatyka magazynowa;PLPA
PLPA-LG-020-100000-001;Ring;PLPA
PLPA-LG-030;Magazyn HUB;PLPA
PLPA-LG-040;;PLPA
PLPA-OF;Warsztaty;PLPA
PLPA-OF-001;Warsztaty;PLPA
PLPA-OF-001-100000;Warsztaty;PLPA
PLPA-OF-001-100000-101;Warsztaty;PLPA
PLPA-PR;Ferrero Polska Produkcja;PLPA
PLPA-PR-001;(NIE UŻYWAĆ) UGP1 RAF KJ;PLPA
PLPA-PR-001-010320;Kinder Joy;PLPA
PLPA-PR-001-010320-001;KJ Strefa wypieku wafla;PLPA
PLPA-PR-001-010320-002;KJ Modelator Tartufino;PLPA
PLPA-PR-001-010322;KJ Recupero sorprese;PLPA
PLPA-PR-001-010322-001;KJ Odzysk zabawek;PLPA
PLPA-PR-001-010325;Kinder Joy packing line 1;PLPA
PLPA-PR-001-010325-001;KJ 1 Modelator;PLPA
PLPA-PR-001-010325-002;KJ 1 Pakowanie;PLPA
PLPA-PR-001-010326;Kinder Joy packing line 2;PLPA
PLPA-PR-001-010326-001;KJ 2 Modelator;PLPA
PLPA-PR-001-010326-002;KJ 2 Pakowanie;PLPA
PLPA-PR-001-010335;Kinder Joy T3 valigetta;PLPA
PLPA-PR-001-010335-001;KJ T3 Valigetta;PLPA
PLPA-PR-001-010337;Kinder Joy T3 box;PLPA
PLPA-PR-001-010337-001;KJ T3 Schubert;PLPA
PLPA-PR-001-010701--10;Linia ważąco-pakująca 10 RA;PLPA
PLPA-PR-001-010703;Raffaello;PLPA
PLPA-PR-001-010703-001;Piece z nawilżaczami RA;PLPA
PLPA-PR-001-010703-002;Modelator RA;PLPA
PLPA-PR-001-010703-003;Linie pakujące T1-0,1,4,5,6,7 RA;PLPA
PLPA-PR-001-010703-004;Linie ważąco-pakujące 1,2,3,4 RA;PLPA
PLPA-PR-001-010703-005;Linie pakujące T1,T3,T4 - 2,3 RA;PLPA
PLPA-PR-001-010703-006;Linia ważąco-pakująca 9 RA (Vrac);PLPA
PLPA-PR-001-010703-007;System dystrybucji T1;PLPA
PLPA-PR-001-010703-008;Linia ważąco-pakująca 10 RA T45 L19;PLPA
PLPA-PR-001-010703-009;Linia ważąco-pakująca 11 RA T8 L.21;PLPA
PLPA-PR-001-010703-010;Linia ważąco-pakująca 12 RA T9;PLPA
PLPA-PR-001-010709-001;Linia ważąco-pakująca 12 RA(nie logować);PLPA
PLPA-PR-001-010716;Raffaello T23/T30 latta;PLPA
PLPA-PR-001-010716-001;Linia ważąco-pakująca 8 RA;PLPA
PLPA-PR-001-010716-002;Linia ważąco-pakująca 7 RA;PLPA
PLPA-PR-001-010717;RAF ermetico;PLPA
PLPA-PR-001-010717-001;Linia pakująca Ermetico RA;PLPA
PLPA-PR-001-010717-002;RAF special conf.4;PLPA
PLPA-PR-001-010717-003;RAF special conf.4;PLPA
PLPA-PR-001-010718-001;;PLPA
PLPA-PR-001-010719;RA Cubo/Piatta/Bauletto;PLPA
PLPA-PR-001-010719-001;RAF Piatta T25;PLPA
PLPA-PR-001-010720;Raffaello T30;PLPA
PLPA-PR-001-010720-001;Linia ważąco-pakująca 5,6 RA;PLPA
PLPA-PR-001-090001;Obsługa wózków widłowych UGP1;PLPA
PLPA-PR-001-090001-001;Serwis wózków widłowych UGP1;PLPA
PLPA-PR-001-090001-002;Wynajem wózków widłowych UGP1;PLPA
PLPA-PR-001-090001-003;Części zamienne wózków widłowych UGP1;PLPA
PLPA-PR-001-100001-004;Obsługa wózków widłowych HUB;PLPA
PLPA-PR-011;(NIE UŻYWAĆ) UGP2 KS FC;PLPA
PLPA-PR-011-010121;Kinder Surprise;PLPA
PLPA-PR-011-010121-001;KS Modelator;PLPA
PLPA-PR-011-010121-002;KS INCARTO;PLPA
PLPA-PR-011-010121-003;KS Imbut. IKI;PLPA
PLPA-PR-011-010121-004;KS Kartoniarki Zambelli T36/T72 1;PLPA
PLPA-PR-011-010121-005;KS Urządzenia przygotowania półproduktu;PLPA
PLPA-PR-011-010121-006;KS toys mix;PLPA
PLPA-PR-011-010121-007;KS Dozowniki Odrzywołek;PLPA
PLPA-PR-011-010121-008;FC Formy Yuppieman G35;PLPA
PLPA-PR-011-010121-009;FC Pakowanie GR-08 Yuppieman G35;PLPA
PLPA-PR-011-010121-010;KS Kartoniarki Zambelli T36/T72 2;PLPA
PLPA-PR-011-010121-011;KS Kartoniarki Zambelli T36/T72 3;PLPA
PLPA-PR-011-010121-012;KS Kartoniarki Zambelli T36/T72 4;PLPA
PLPA-PR-011-010121-015;KS Strefa transportu niespodzianek;PLPA
PLPA-PR-011-010122;Surprise Cleaning;PLPA
PLPA-PR-011-010122-001;KS Czyszczenie Niespodzianek;PLPA
PLPA-PR-011-010123;Figura Cava;PLPA
PLPA-PR-011-010123-001;FC Modelator Aasted;PLPA
PLPA-PR-011-010123-002;FC Formy G110;PLPA
PLPA-PR-011-010123-003;FC Formy G55;PLPA
PLPA-PR-011-010123-004;FC formy G15 ->NIEAKTYWNY!;PLPA
PLPA-PR-011-010123-005;FC Formy G75;PLPA
PLPA-PR-011-010123-006;FC Formy G160;PLPA
PLPA-PR-011-010123-007;FC Urządzenia przygotowania półproduktu;PLPA
PLPA-PR-011-010123-008;FC Pakowanie IFC T75 1;PLPA
PLPA-PR-011-010123-009;FC Pakowanie IFC T75 2;PLPA
PLPA-PR-011-010123-010;FC Czyszczenie;PLPA
PLPA-PR-011-010123-011;FC Pakowanie IFC T75 3;PLPA
PLPA-PR-011-010123-012;FC Formy G15;PLPA
PLPA-PR-011-010123-013;FC Formy Birillone G140;PLPA
PLPA-PR-011-010123-014;FC Birillone packaging - Nieczynne;PLPA
PLPA-PR-011-010123-015;FC Formy G138;PLPA
PLPA-PR-011-010123-020;FC Pakowanie GR-08 Birillo G36;PLPA
PLPA-PR-011-010123-13;;PLPA
PLPA-PR-011-010123-14;;PLPA
PLPA-PR-011-010124;K.Surprise moulding;PLPA
PLPA-PR-011-010124-001;K.Surprise IKI;PLPA
PLPA-PR-011-010125;K.Surprise moulding;PLPA
PLPA-PR-011-010125-001;KS Pakowanie IKI Imbutito;PLPA
PLPA-PR-011-010127;KS GR-08 Cuore;PLPA
PLPA-PR-011-010127-001;FC Pakowanie GR-08 Cuore G53;PLPA
PLPA-PR-011-010127-002;FC Formy Cuore G35;PLPA
PLPA-PR-011-010128;KSorpresa GR07 imbutito;PLPA
PLPA-PR-011-010128-001;KS Linia pakowania GR-07 1;PLPA
PLPA-PR-011-010128-002;KS Linia pakowania GR-07 2;PLPA
PLPA-PR-011-010128-003;KS Linia pakowania GR-07 3;PLPA
PLPA-PR-011-010128-004;KS Linia pakowania GR-07 4;PLPA
PLPA-PR-011-010128-005;KS Linia pakowania GR-07 5;PLPA
PLPA-PR-011-010128-006;KS Linia pakowania GR-07 6;PLPA
PLPA-PR-011-010128-007;KS Linia pakowania GR-07 7;PLPA
PLPA-PR-011-010128-008;KS Linia pakowania GR-07 8;PLPA
PLPA-PR-011-010129-001;FC Pakowanie GR-08 Yuppieman G35;PLPA
PLPA-PR-011-010129-002;FC Formy Yuppieman G35;PLPA
PLPA-PR-011-010165;KINDER UOVO MAXI;PLPA
PLPA-PR-011-010165-001;FC Modelator OPM;PLPA
PLPA-PR-011-010165-002;FC Formy G15;PLPA
PLPA-PR-011-010165-003;FC Pakowanie BIRILLO G36;PLPA
PLPA-PR-011-010166;F.Cava packing 110gr Chockal;PLPA
PLPA-PR-011-010166-001;FC Pakowanie GR-08 Birillo G36 1;PLPA
PLPA-PR-011-010166-002;FC Pakowanie GR-08 Birillo G36 2;PLPA
PLPA-PR-011-010166-003;FC Pakowanie GR-08 Birillo G36 2;PLPA
PLPA-PR-011-010167;F.Cava packing 75gr Chockal;PLPA
PLPA-PR-011-010167-001;FC Pakowanie Chocal T75(T55)->NIEAKTYWNY;PLPA
PLPA-PR-011-010168;F.Cava packing 15grBN/HH Rasch;PLPA
PLPA-PR-011-010168-001;FC Pakowanie Rasch T15 1;PLPA
PLPA-PR-011-010168-002;FC Pakowanie Rasch T15 2;PLPA
PLPA-PR-011-010168-003;FC Pakowanie Rasch T15 3;PLPA
PLPA-PR-011-010168-004;FC Pakowanie Rasch T15 4;PLPA
PLPA-PR-011-010168-005;FC Pakowanie Rasch T15 5;PLPA
PLPA-PR-011-010168-006;FC Pakowanie Rasch T15 6;PLPA
PLPA-PR-011-010169;F.Cava packing 110gr IFC;PLPA
PLPA-PR-011-010169-001;FC Pakowanie IFC T110 1;PLPA
PLPA-PR-011-010169-002;FC Pakowanie IFC T110 2;PLPA
PLPA-PR-011-010169-003;FC Pakowanie IFC T110 2;PLPA
PLPA-PR-011-010169-004;FC Pakowanie Gallina G138;PLPA
PLPA-PR-011-010170;F.Cava packing 160gr IFC;PLPA
PLPA-PR-011-010170-001;FC Pakowanie Chocal T160;PLPA
PLPA-PR-011-010170-002;FC Czyszczenie;PLPA
PLPA-PR-011-010171;K.Uovo Maxi 100gr IFC;PLPA
PLPA-PR-011-010171-001;Zablokowany!!!;PLPA
PLPA-PR-011-010172;F.Cava packing 55gr IFC;PLPA
PLPA-PR-011-010172-001;FC Pakowanie IFC T55;PLPA
PLPA-PR-011-010173;F.Cava packing 15gUNIVER.Rasch;PLPA
PLPA-PR-011-010173-001;FC Pakowanie Universale Fima T15;PLPA
PLPA-PR-011-010173-002;FC Czyszczenie;PLPA
PLPA-PR-011-010174;Figura Cava Rocher;PLPA
PLPA-PR-011-010174-001;IFCR Pakowanie wiewiórka/bałwan/jajko;PLPA
PLPA-PR-011-010174-002;FCR Coniglio 100 Chocal;PLPA
PLPA-PR-011-010174-003;FCR/GF RO Modelowanie Ceda(NIE LOGOWAĆ);PLPA
PLPA-PR-011-010174-004;FCR 200g formy;PLPA
PLPA-PR-011-010174-005;FCR/GF RO Preparacja(NIE LOGOWAĆ);PLPA
PLPA-PR-011-010174-006;n/a;PLPA
PLPA-PR-011-010174-007;n/a;PLPA
PLPA-PR-011-010174-008;FCR/GF RO Modelator Buhler;PLPA
PLPA-PR-011-010174-009;n/a;PLPA
PLPA-PR-011-010174-010;GF RO Pakowanie (z mod. Buhler);PLPA
PLPA-PR-011-010174-011;FCR Formy Snowman G90;PLPA
PLPA-PR-011-010174-012;FC Heart G53 Packing;PLPA
PLPA-PR-011-010174-013;FC Heart G53 Moulds;PLPA
PLPA-PR-011-010174-014;FC RO bunny108gr form;PLPA
PLPA-PR-011-010175;FC ROCHER IFCS;PLPA
PLPA-PR-011-010175-001;FC ROCHER IFCS;PLPA
PLPA-PR-011-010176;FC ROCHER GR;PLPA
PLPA-PR-011-010176-001;FCR Pakowanie Zając G100;PLPA
PLPA-PR-011-010177;FC ROCHER (Modelator);PLPA
PLPA-PR-011-010177-001;FC ROCHER Modelator;PLPA
PLPA-PR-011-010177-002;GF RO formy G100 (Buhler);PLPA
PLPA-PR-011-010177-003;GF RO Pakowanie (z mod. Buhler);PLPA
PLPA-PR-011-010177-004;n/a;PLPA
PLPA-PR-011-010177-005;FCR Formy Squirrel 90G;PLPA
PLPA-PR-011-010178;Maszyna pakująca Rocherone;PLPA
PLPA-PR-011-010178-001;GF RO Pakowanie (z mod. Ceda);PLPA
PLPA-PR-011-010178-002;FCR Pakowanie Wiewiórka/Kom(NIE LOGOWAĆ);PLPA
PLPA-PR-011-010178-003;GF RO Formy G100 (CEDA);PLPA
PLPA-PR-011-010178-004;GF RO Formy G190 (CEDA);PLPA
PLPA-PR-011-010178-006;n/a;PLPA
PLPA-PR-011-010179-001;FC Pakowanie IFC G75;PLPA
PLPA-PR-011-010179-002;FC Pakowanie IFC T75 1;PLPA
PLPA-PR-011-010179-003;FC Pakowanie IFC T75 2;PLPA
PLPA-PR-011-010180-001;FC Pakowanie Chocal Birillone G140;PLPA
PLPA-PR-011-010180-002;FC Formy Birillone G140;PLPA
PLPA-PR-011-010182-001;FC Pakowanie GR-08 Gallina G138;PLPA
PLPA-PR-011-011918;K ARCHIWUM;PLPA
PLPA-PR-011-011918-001;Modelator dużej linii;PLPA
PLPA-PR-011-011918-002;Pakowanie;PLPA
PLPA-PR-011-011919;KC Summer Uovo;PLPA
PLPA-PR-011-011919-001;KC Summer Uovo termoformatura;PLPA
PLPA-PR-011-011919-002;KC Summer Uovo modelator;PLPA
PLPA-PR-011-011919-003;KC Summer Uovo packaging;PLPA
PLPA-PR-011-012019;PREP 1;PLPA
PLPA-PR-011-012019-001;KS Rework;PLPA
PLPA-PR-011-012019-002;PREP. Kremu KS FC;PLPA
PLPA-PR-011-090001;Obsługa wózków widłowych UGP2;PLPA
PLPA-PR-011-090001-001;Serwis wózków widłowych UGP2;PLPA
PLPA-PR-011-090001-002;Wynajem wózków widłowych UGP2;PLPA
PLPA-PR-011-090001-003;Części zamienne wózków widłowych UGP2;PLPA
PLPA-PR-021;(NIE UŻYWAĆ) UGP3 PREP NUT TT;PLPA
PLPA-PR-021-010324;KJ Tartufino;PLPA
PLPA-PR-021-010324-001;Kinder Joy Tartufino;PLPA
PLPA-PR-021-010399;KJ Creme;PLPA
PLPA-PR-021-010399-001;KJ Creme;PLPA
PLPA-PR-021-010550;TT;PLPA
PLPA-PR-021-010550-001;TT Liliput;PLPA
PLPA-PR-021-010550-002;TT tesco line II;PLPA
PLPA-PR-021-010552;Tic Tac T24 Tesco;PLPA
PLPA-PR-021-010552-001;TT Tesco linia I;PLPA
PLPA-PR-021-010552-002;TT Tesco linia II;PLPA
PLPA-PR-021-010555-002;TT tesco line II;PLPA
PLPA-PR-021-010558;TIC TAC;PLPA
PLPA-PR-021-010558-001;TT Bottle Pack;PLPA
PLPA-PR-021-011330;NUT;PLPA
PLPA-PR-021-011330-001;NUT T200;PLPA
PLPA-PR-021-011330-002;NUT Auto. paletyzacja;PLPA
PLPA-PR-021-011331;Nutella T400;PLPA
PLPA-PR-021-011331-001;NUT T400;PLPA
PLPA-PR-021-011332;Nutella T750;PLPA
PLPA-PR-021-011332-001;NUT T700;PLPA
PLPA-PR-021-012010;Prep creme Raffaello;PLPA
PLPA-PR-021-012010-001;PREP. Kremu RAF;PLPA
PLPA-PR-021-012011;Prep creme base latte;PLPA
PLPA-PR-021-012011-001;PREP. Kremu KB;PLPA
PLPA-PR-021-012012;Tostino;PLPA
PLPA-PR-021-012012-001;Palarnia orzechów 1 Buhler;PLPA
PLPA-PR-021-012012-002;Palarnia orzechów 3 Mini;PLPA
PLPA-PR-021-012015;Desodorator ARD;PLPA
PLPA-PR-021-012015-001;Dezodorator 1;PLPA
PLPA-PR-021-012016;Prep.creme COU Summer;PLPA
PLPA-PR-021-012016-001;Prep. Kremu KCS;PLPA
PLPA-PR-021-012017;Prep coco milk RA;PLPA
PLPA-PR-021-012017-001;PREP 1 - CREME COCCO;PLPA
PLPA-PR-021-012101-001;Przygotowalnia ciasta;PLPA
PLPA-PR-021-012109;PREP 1;PLPA
PLPA-PR-021-012109-001;Używać 506018;PLPA
PLPA-PR-021-012109-002;PREP. Kremu FC KS;PLPA
PLPA-PR-021-012109-003;KBW enrobing;PLPA
PLPA-PR-021-012110;PREP 2;PLPA
PLPA-PR-021-012110-001;PREP. Kremu KB;PLPA
PLPA-PR-021-012110-002;nie używać;PLPA
PLPA-PR-021-012110-003;PREP. KREM KBW;PLPA
PLPA-PR-021-012110-004;NUT RUS;PLPA
PLPA-PR-021-012110-005;Kream KBW;PLPA
PLPA-PR-021-012111;Preparacja 3;PLPA
PLPA-PR-021-012111-001;PREP. Kremu NUT;PLPA
PLPA-PR-021-012112;TOSTINO 2;PLPA
PLPA-PR-021-012112-001;Dezodorator 2;PLPA
PLPA-PR-021-012115;Desodorator 2 (NUTEX);PLPA
PLPA-PR-021-012115-001;Palarnia orzechów 2 Barth;PLPA
PLPA-PR-021-012115-002;Rozdrabnianie kakao;PLPA
PLPA-PR-021-012118;PREP REWORK KJ;PLPA
PLPA-PR-021-012118-001;Pasta kokosowa RAF;PLPA
PLPA-PR-021-012118-002;FC Mild and Dark choc. mixing;PLPA
PLPA-PR-021-012119;Prep rework KB;PLPA
PLPA-PR-021-012119-001;KB Rework;PLPA
PLPA-PR-021-012120;PREP 3;PLPA
PLPA-PR-021-012120-001;Milk creams + Silosy magazynowe;PLPA
PLPA-PR-021-012120-002;Cocoa creams + hala roz/za - ładunku;PLPA
PLPA-PR-021-012120-003;Dezodoryzator 3;PLPA
PLPA-PR-021-012120-004;Czekolada mleczna - tymczasowa;PLPA
PLPA-PR-021-013000;Nutella B-ready (NIEAKTYWNY);PLPA
PLPA-PR-021-013000-001;B-ready Piece;PLPA
PLPA-PR-021-013000-002;B-ready Modelowanie;PLPA
PLPA-PR-021-013000-003;B-ready Pakowanie;PLPA
PLPA-PR-021-013000-004;NU Bready packingT2;PLPA
PLPA-PR-021-013000-006;Preparacja B-ready;PLPA
PLPA-PR-021-014000;Tostino Rocherone;PLPA
PLPA-PR-021-014000-001;Palarnia orzechów 4 Brovind;PLPA
PLPA-PR-021-019329;Termoformatura;PLPA
PLPA-PR-021-019329-001;KJ (Formy);PLPA
PLPA-PR-021-019329-002;(nie używać);PLPA
PLPA-PR-021-019550;TT Produkcja plastiku;PLPA
PLPA-PR-021-019550-001;TT produkcja pudełek polipropylenowy;PLPA
PLPA-PR-021-019550-002;KJ Termoformatura;PLPA
PLPA-PR-021-019550-003;TT pudełka (Formy);PLPA
PLPA-PR-021-019550-004;TT kapsle (Formy);PLPA
PLPA-PR-021-090001;Obsługa wózków widłowych UGP3;PLPA
PLPA-PR-021-090001-001;Serwis wózków widłowych UGP3;PLPA
PLPA-PR-021-090001-002;Wynajem wózków widłowych UGP3;PLPA
PLPA-PR-021-090001-003;Części zamienne wózków widłowych UGP3;PLPA
PLPA-PR-031;(NIE UŻYWAĆ) UGP4 KB KBW;PLPA
PLPA-PR-031-011443;KBW 1;PLPA
PLPA-PR-031-011443-001;KBW Piece Nawilżacze Cięcie;PLPA
PLPA-PR-031-011443-002;KBW Modelowanie;PLPA
PLPA-PR-031-011443-003;KBW Pakowanie;PLPA
PLPA-PR-031-011443-004;KBW Pakowanie T6;PLPA
PLPA-PR-031-011443-005;KBW Nowy obszar paletyzujący;PLPA
PLPA-PR-031-011443-006;KBC. Modelowanie;PLPA
PLPA-PR-031-011443-007;KBC Pakowanie;PLPA
PLPA-PR-031-011443-008;KBW MASTELLO;PLPA
PLPA-PR-031-011444;KB / KBW Isola Multipack;PLPA
PLPA-PR-031-011444-001;KB / KBW Isola Multipack;PLPA
PLPA-PR-031-011444-002;KB Carton Case;PLPA
PLPA-PR-031-011444-003;KB MULTIPACK 2;PLPA
PLPA-PR-031-011445;KB 2 / KB MINI;PLPA
PLPA-PR-031-011445-001;KB2 Piece Nawilżacze Cięcie;PLPA
PLPA-PR-031-011445-002;KB2 Modelowanie;PLPA
PLPA-PR-031-011445-003;KB2 Pakowanie;PLPA
PLPA-PR-031-011445-004;KB2 Pakowanie T6;PLPA
PLPA-PR-031-011445-005;KB T8 Bottiglio;PLPA
PLPA-PR-031-011445-006;MINI Modelowanie;PLPA
PLPA-PR-031-011445-007;MINI Pakowanie;PLPA
PLPA-PR-031-011445-008;KB MINI Modelowanie Linia 2;PLPA
PLPA-PR-031-011445-009;KB MINI Pakowanie Linia 2;PLPA
PLPA-PR-031-011445-010;KB MINI Pakowanie Linia 3;PLPA
PLPA-PR-031-011445-011;KB2 Urządzenia przygotowania półproduktu;PLPA
PLPA-PR-031-011445-012;KB2 Paletyzacja WIKPOL;PLPA
PLPA-PR-031-011445-013;KB MINI T20;PLPA
PLPA-PR-031-011543;KBW 2;PLPA
PLPA-PR-031-011543-001;KBW2 Piece Nawilżacze Cięcie;PLPA
PLPA-PR-031-011543-002;KBW2 Modelowanie;PLPA
PLPA-PR-031-011543-003;KBW2 Pakowanie;PLPA
PLPA-PR-031-011543-004;KBW2 Carton Case;PLPA
PLPA-PR-031-011543-005;KBW2 T2x20;PLPA
PLPA-PR-031-011545;KB 3;PLPA
PLPA-PR-031-011545-001;KB3 Piece Nawilżacze Cięcie;PLPA
PLPA-PR-031-011545-002;KB3 Modelowanie;PLPA
PLPA-PR-031-011545-003;KB3 Pakowanie;PLPA
PLPA-PR-031-011545-004;KB3 Multipack;PLPA
PLPA-PR-031-011545-005;KB3 Paletyzacja WIKPOL;PLPA
PLPA-PR-031-011546;KB MINI 2;PLPA
PLPA-PR-031-011546-001;MINI 2 Modelowanie;PLPA
PLPA-PR-031-011546-002;MINI 2 Pakowanie;PLPA
PLPA-PR-031-011546-003;MINI 2 Urządzenia przygotowania półprod.;PLPA
PLPA-PR-031-011546-004;KB MINI 2 PIEC;PLPA
PLPA-PR-031-011546-005;KB MINI MAIN MODELATOR;PLPA
PLPA-PR-031-090001;Obsługa wózków widłowych UGP4;PLPA
PLPA-PR-031-090001-001;Serwis wózków widłowych UGP4;PLPA
PLPA-PR-031-090001-002;Wynajem wózków widłowych UGP4;PLPA
PLPA-PR-031-090001-003;Części zamienne wózków widłowych UGP4;PLPA
PLPA-PR-041;(NIE UŻYWAĆ) CLA CUB STEL WORK;PLPA
PLPA-PR-041-026565;Manual prod.-External suppl (usunąć);PLPA
PLPA-PR-041-026565-001;Cubetti parts and services Contolavoro;PLPA
PLPA-PR-041-026565-002;Stelline parts and services Contolavoro;PLPA
PLPA-PR-041-026565-003;Robocizna Conto Lavoro;PLPA
PLPA-PR-041-026565-004;Kinder Joy T2 box;PLPA
PLPA-PR-041-026565-005;MANUAL CO-PACK ŁOWICZ (Partners) 1;PLPA
PLPA-PR-041-026565-006;MANUAL CO-PACK ŁOWICZ (Partners) 2;PLPA
PLPA-PR-041-026565-007;MANUAL SURPRISE MIX RAWA MAZOW (Partner);PLPA
PLPA-PR-041-026565-008;MANUAL CO-PACK ŻABIA WOLA (Logipack);PLPA
PLPA-PR-041-026565-009;MANUAL CO-PACK BELSK (Logipack);PLPA
PLPA-PR-041-026565-010;CO-PACK ODRZYWOŁEK (Leasingteam) TT -T4;PLPA
PLPA-PR-041-026565-011;CO-PACK ODRZYWOŁEK (Leasingteam) KS MIX;PLPA
PLPA-PR-041-026565-012;MANUAL CO-PACK LUBLIN (Plasticx);PLPA
PLPA-PR-041-026565-013;Calendar G235 Belsk;PLPA
PLPA-PR-041-026565-014;CO-PACK ODRZYWOŁEK (Leasingteam) MIX Pal;PLPA
PLPA-PR-041-026565-101;Linia pakowania  1/4 paletki;PLPA
PLPA-PR-041-026566;Zablokowany!!! (usunąć);PLPA
PLPA-PR-041-026566-001;Serwis wózków widłowych CLA;PLPA
PLPA-PR-041-026566-002;Wynajem wózków widłowych CLA;PLPA
PLPA-PR-041-026566-003;Części zamiene wózków widłowych CLA;PLPA
PLPA-PR-041-026567;Obsługa wózków widłowych CLA;PLPA
PLPA-PR-041-026567-001;Serwis wózków widłowych CLA;PLPA
PLPA-PR-041-026567-101;Linia Kalendarza G234 -House 3D;PLPA
PLPA-PR-041-026568;Łowicz_Contolavoro;PLPA
PLPA-PR-041-026569-101;Linia Kalendarzy KS T24/ G329;PLPA
PLPA-PR-041-026570-101;Manual line 1 - PELUCHE;PLPA
PLPA-PR-041-026571-101;Manual line 2 - PELUCHE;PLPA
PLPA-PR-041-026572-101;Manual line  - KJ / KS;PLPA
PLPA-PR-041-026572-102;Linia KS T3 Travel Lui do usunięcia;PLPA
PLPA-PR-041-026573-101;Manual line 02  (Raff T20) do usunięcia;PLPA
PLPA-PR-041-026573-102;Linia BUNNY HOUSE 155G EASTER;PLPA
PLPA-PR-041-026575-101;TINS LINE;PLPA
PLPA-PR-041-026590-101;Pralines STELLA;PLPA
PLPA-PR-041-026590-102;Stella line 02;PLPA
PLPA-PR-041-026590-103;Stella line 03;PLPA
PLPA-PR-041-026590-104;Stella line 04;PLPA
PLPA-PR-041-026590-105;Stella line 05;PLPA
PLPA-PR-041-026591-101;Pralines CUBOTTO;PLPA
PLPA-PR-041-026591-102;Cubotto line 02;PLPA
PLPA-PR-041-026591-103;Cubotto line 03;PLPA
PLPA-PR-041-026591-104;Cubotto line 04;PLPA
PLPA-PR-041-026591-105;Cubotto line Clipper TC 106/30;PLPA
PLPA-PR-041-026591-106;Manual line 01 (serca puszki);PLPA
PLPA-PR-041-026591-107;JBF Machines;PLPA
PLPA-PR-041-026592-101;Linia Deco Item 00- do zamkniecia;PLPA
PLPA-PR-041-026592-102;Linia mimi eggs;PLPA
PLPA-PR-041-026594-101;CAL DBS T27;PLPA
PLPA-PR-041-026595-101;Manual line  (DBS T8/RAF TUBO);PLPA
PLPA-PR-041-026596-101;Manual line05;PLPA
PLPA-PR-041-026596-102;Manual line 08;PLPA
PLPA-PR-041-026597-101;Manual line cal. dibesten domek;PLPA
PLPA-PR-041-026598-101;PRALINES HANGABLE TINS;PLPA
PLPA-PR-041-026598-102;Linia Hangable Tin 02 - do skasowania;PLPA
PLPA-PR-041-026694-101;Prestige line;PLPA
PLPA-PR-041-026695-101;Peluche line G133;PLPA
PLPA-PR-041-026696-101;Linia ADVENT CALENDAR POP-UP T24;PLPA
PLPA-PR-041-026699-101;CAL KINDER TRAIN G221;PLPA
PLPA-PR-041-026700-101;xxxxxx;PLPA
PLPA-PR-041-026701-101;Big egg;PLPA
PLPA-PR-041-026702-101;Linia Big Egs;PLPA
PLPA-PR-041-036565;Żabia Wola_Contolavoro;PLPA
PLPA-PR-041-036565-101;Manual line 01;PLPA
PLPA-PR-041-036565-102;Manual line 02;PLPA
PLPA-PR-041-036565-103;Manual line 03;PLPA
PLPA-PR-041-056565;HUB_Contolavoro;PLPA
PLPA-PR-041-056565-101;Linia pakowania  1/4 paletki;PLPA
PLPA-PR-041-056565-102;Manual line 01;PLPA
PLPA-PR-041-056565-103;Manual line 02 -Tavolette;PLPA
PLPA-PR-041-066565-112;Manual co-packing Tavolette;PLPA
PLPA-PR-041-066566-104;"Line MIX "" T - 00 """;PLPA
PLPA-PR-041-066566-105;"Line MIX "" T -2,5 """;PLPA
PLPA-PR-041-066567;Odrzywolek_Contalavoro;PLPA
PLPA-PR-041-066567-101;Manual lines 01;PLPA
PLPA-PR-041-066567-102;Manual lines 02;PLPA
PLPA-PR-041-066567-103;Manual lines 03;PLPA
PLPA-PR-041-066567-106;Line MIX 1/4 palet;PLPA
PLPA-PR-041-066567-107;Welding film/Weight;PLPA
PLPA-PR-041-066567-110;Linia Kinder Mix G96;PLPA
PLPA-PR-041-066567-111;Linia Kinder MIX G198 Bucket/Santa Tin;PLPA
PLPA-PR-041-066568-109;Linia Kinderino G131;PLPA
PLPA-PR-041-066569-113;Linia KINDER JOY T2;PLPA
PLPA-PR-041-066569-114;Linia KS T6 Minions;PLPA
PLPA-PR-041-066570-108;Linia K&F Happy Snack Calendar 295g;PLPA
PLPA-PR-041-076566;Lublin_Contalavoro;PLPA
PLPA-PR-041-076566-101;Linia Kalendarzy G149/G203;PLPA
PLPA-PR-041-076566-102;Linia Kalendarzy G236/G351;PLPA
PLPA-PR-041-076566-103;Linia Kalendarza G404;PLPA
PLPA-PR-041-076567-102;Linia Kalendarzy G236/G351;PLPA
PLPA-PR-041-076568-103;Linia Kalendarza G404;PLPA
PLPA-PR-051;(NIEAKTYWNY);PLPA
PLPA-PR-051-013000-005;NU Bready packingT2 automatic;PLPA
PLPA-PR-051-090001;Obsługa wózków widłowych UGP5;PLPA
PLPA-PR-051-090001-001;Serwis wózków widłowych UGP5;PLPA
PLPA-PR-051-090001-002;Wynajem wózków widłowych UGP5;PLPA
PLPA-PR-051-090001-003;Części zamienne wózków widłowych UGP5;PLPA
PLPA-PR-U05;TEST;PLPA
PLPA-PR-U05-011312;(NIE UŻYWAĆ) UGP5 B-READY, CARDS;PLPA
PLPA-PR-U05-011312-001;B-ready Preparacja;PLPA
PLPA-PR-U05-011312-002;B-Ready Modelator;PLPA
PLPA-PR-U05-011312-003;B-Ready Pakowanie;PLPA
PLPA-PR-U05-011312-004;B-Ready/Cards Pompy próżniowe;PLPA
PLPA-PR-U05-011312-005;Kinder Cards  Preparacja;PLPA
PLPA-PR-U05-011312-006;Kinder Cards Preparacja;PLPA
PLPA-PR-U05-011312-007;Kinder Cards Modelator;PLPA
PLPA-PR-U05-011312-008;Kinder Cards Pakowanie;PLPA
PLPA-PR-U05-011312-009;System zasysania pyłu waflowego;PLPA
PLPA-PR-U05-011312-010;Z-RCHIWUM UGP5;PLPA
PLPA-PR-U05-013000;B-ready Preparacja;PLPA
PLPA-PR-U05-013000-001;bredy preparacja;PLPA
PLPA-PR-U05-013001;TEST 1;PLPA
PLPA-PR-U05-013001-001;TEST 2;PLPA
PLPA-PR-U05-013001-002;TEST 3;PLPA
PLPA-PR-U05-013001-003;TEST 4;PLPA
PLPA-PR-U05-090001;Obsługa wózków widłowych UGP5;PLPA
PLPA-PR-U06;(NIE UŻYWAĆ) UGP6 ROCHER, TABLETS;PLPA
PLPA-PR-U06-010174;ROCHER;PLPA
PLPA-PR-U06-010174-003;RO Modelator Ceda;PLPA
PLPA-PR-U06-010174-004;FCR Formy UOVO 105G;PLPA
PLPA-PR-U06-014000;TABLETS;PLPA
PLPA-PR-U06-014000-001;TABLETS Creams;PLPA
PLPA-PR-U06-014000-002;TABLETS Modelator;PLPA
PLPA-PR-U06-014000-003;TABLETS Pakowanie;PLPA
PLPA-PR-U11;UGP11 RAFFAELLO;PLPA
PLPA-PR-U11-010703;RAFFAELLO LINIA 2;PLPA
PLPA-PR-U11-010703-001;PIECE Z NAWILŻACZAMI RAFFAELLO;PLPA
PLPA-PR-U11-010703-002;LINIA WAŻĄCO-PAKUJĄCA 5,6 RAFFAELLO;PLPA
PLPA-PR-U11-010703-003;MODELATOR RAFFAELLO;PLPA
PLPA-PR-U11-010703-004;LINIE PAKUJĄCE T1-0,1,4,5,6,7 RAFFAELLO;PLPA
PLPA-PR-U11-010703-005;LINIE WAŻĄCO-PAKUJACE T15 1,2,3,4 RAFFAE;PLPA
PLPA-PR-U11-010703-006;LINIE PAKUJĄCE T1,T3,T4-2,3 RAFFAELLO;PLPA
PLPA-PR-U11-010703-007;LINIA WAŻĄCO-PAKUJĄCA 9(VRAC)RAFFAELLO;PLPA
PLPA-PR-U11-010709;LINIA WAŻĄCO-PAKUJĄCA 12 T9 RAFFAELLO;PLPA
PLPA-PR-U11-010716;LINIA WAŻĄCO-PAKUJĄCA 7 RAFFAELLO;PLPA
PLPA-PR-U11-010717;LINIA PAKUJĄCA ERMETICO RAFFAELLO;PLPA
PLPA-PR-U11-010718;LINIA WAŻĄCO-PAKUJĄCA 8 RAFFAELLO;PLPA
PLPA-PR-U11-010719;LINIA WAŻĄCO-PAKUJĄCA 10 T45 L.19 RAFFAE;PLPA
PLPA-PR-U11-010721;LINIA WAŻĄCO-PAKUJĄCA 11 T8 L.21 RAFFAEL;PLPA
PLPA-PR-U11-010796;LINIA ROZDRABNIANIA WIÓRKA;PLPA
PLPA-PR-U12;UGP12 NUTELLA B-READY+KINDER CARDS;PLPA
PLPA-PR-U12-010801;KINDER CARDS;PLPA
PLPA-PR-U12-010801-001;KINDER CARDS PREPARACJA;PLPA
PLPA-PR-U12-010801-002;KINDER CARDS MODELATOR;PLPA
PLPA-PR-U12-010801-003;KINDER CARDS PAKOWANIE;PLPA
PLPA-PR-U12-011312;NUTELLA B-READY;PLPA
PLPA-PR-U12-011312-001;NUTELLA B-READY PREPARACJA;PLPA
PLPA-PR-U12-011312-002;NUTELLA B-READY MODELATOR;PLPA
PLPA-PR-U12-011312-003;NUTELLA B-READY PAKOWANIE;PLPA
PLPA-PR-U12-011312-004;NUTELLA B-READY PAKOWANIE T2 AUTOMAT;PLPA
PLPA-PR-U13;UGP13 TABLETS+ROCHER FIGURES;PLPA
PLPA-PR-U13-010175;IFCR PAKOWNIE WIEWIÓRKA/BAŁWAN/JAJKO;PLPA
PLPA-PR-U13-010176;FCR PAKOWANIE ZAJĄC G100 GR7;PLPA
PLPA-PR-U13-010177;FC ROCHER(MODELATOR&PAKOWANIE)NEW;PLPA
PLPA-PR-U13-010177-001;FCR/GF RO MODELATOR BUHLER;PLPA
PLPA-PR-U13-010177-002;GF RO PAKOWANIE BUHLER;PLPA
PLPA-PR-U13-010177-003;FORMY WIEWIÓRKI;PLPA
PLPA-PR-U13-010177-004;FORMY WIEWIÓRKI;PLPA
PLPA-PR-U13-010178;FC ROCHER(MODELATOR&PAKOWANIE)OLD;PLPA
PLPA-PR-U13-010178-001;GF RO FORMY G190;PLPA
PLPA-PR-U13-010178-002;GF RO PAKOWANIE CEDA;PLPA
PLPA-PR-U13-010178-003;FCR UOVO FORMY;PLPA
PLPA-PR-U13-010178-004;FORMY BAŁWAN;PLPA
PLPA-PR-U13-010178-005;FC RO FORMY KRÓLIK 108GR;PLPA
PLPA-PR-U13-010178-006;GF RO/FCR MODELATOR CEDA;PLPA
PLPA-PR-U13-010401;TABLETS;PLPA
PLPA-PR-U13-010401-001;TABLETS Creams;PLPA
PLPA-PR-U13-010401-002;TABLETS Modelator;PLPA
PLPA-PR-U13-010401-003;TABLETS Pakowanie;PLPA
PLPA-PR-U21;UGP21 K SURPRISE + FIGURA CAVA;PLPA
PLPA-PR-U21-010121;KINDER SURPRISE;PLPA
PLPA-PR-U21-010121-001;KS MODELATOR;PLPA
PLPA-PR-U21-010121-002;KS KARTONIARKI ZAMBELLI T36/T72 1;PLPA
PLPA-PR-U21-010121-003;KS LINIA PAKOWANIA GR-07 1;PLPA
PLPA-PR-U21-010121-004;FC FORMY BIRILLONE G140 (NIE LOGOWAĆ);PLPA
PLPA-PR-U21-010121-005;FC FORMY CUORE G35 (NIE LOGOWAĆ);PLPA
PLPA-PR-U21-010121-006;FC FORMY YUPPIEMAN G35 (NIE LOGOWAĆ);PLPA
PLPA-PR-U21-010121-007;KS Urządzenia przygotowania półproduktu;PLPA
PLPA-PR-U21-010121-008;KS Strefa transportu niespodzianek;PLPA
PLPA-PR-U21-010121-012;KS KARTONIARKI ZAMBELLI T36/T72 2;PLPA
PLPA-PR-U21-010121-013;KS LINIA PAKOWANIA GR-07 2;PLPA
PLPA-PR-U21-010121-022;KS KARTONIARKI ZAMBELLI T36/T72 3;PLPA
PLPA-PR-U21-010121-023;KS LINIA PAKOWANIA GR-07 3;PLPA
PLPA-PR-U21-010121-032;KS KARTONIARKI ZAMBELLI T36/T72 4;PLPA
PLPA-PR-U21-010121-033;KS LINIA PAKOWANIA GR-07 4;PLPA
PLPA-PR-U21-010121-043;KS LINIA PAKOWANIA GR-07 5;PLPA
PLPA-PR-U21-010121-053;KS LINIA PAKOWANIA GR-07 6;PLPA
PLPA-PR-U21-010121-063;KS LINIA PAKOWANIA GR-07 7;PLPA
PLPA-PR-U21-010121-073;KS LINIA PAKOWANIA GR-07 8;PLPA
PLPA-PR-U21-010122;KS CZYSZCZENIE NIESPODZIANEK;PLPA
PLPA-PR-U21-010122-001;KS CZYSZCZENIE NIESPODZIANEK;PLPA
PLPA-PR-U21-010123;FIGURA CAVA;PLPA
PLPA-PR-U21-010123-001;FC FORMY G75;PLPA
PLPA-PR-U21-010123-002;FC MODELATOR AASTED;PLPA
PLPA-PR-U21-010123-003;FC FORMY G110;PLPA
PLPA-PR-U21-010123-004;FC FORMY G160;PLPA
PLPA-PR-U21-010123-005;FC FORMY G138;PLPA
PLPA-PR-U21-010123-006;FC FORMY G55;PLPA
PLPA-PR-U21-010123-007;FC Urządzenia przygotowania półproduktu;PLPA
PLPA-PR-U21-010125;KS PAKOWANIE IKI;PLPA
PLPA-PR-U21-010125-001;KS PAKOWANIE IKI;PLPA
PLPA-PR-U21-010127;FC PAKOWANIE GR-08 CUORE G53;PLPA
PLPA-PR-U21-010127-001;FC PAKOWANIE GR-08 CUORE G53;PLPA
PLPA-PR-U21-010129;FC PAKOWANIE GR-08 YUPPIEMAN G35;PLPA
PLPA-PR-U21-010129-001;FC PAKOWANIE GR-08 YUPPIEMAN G35;PLPA
PLPA-PR-U21-010165;FC MODELATOR OPM;PLPA
PLPA-PR-U21-010165-001;FC MODELATOR OPM;PLPA
PLPA-PR-U21-010165-002;FC FORMY G15;PLPA
PLPA-PR-U21-010165-003;FC FORMY G36;PLPA
PLPA-PR-U21-010165-004;FC PAKOWANIE GR-08 BIRILLO G36 1;PLPA
PLPA-PR-U21-010165-005;FC PAKOWANIE GR-08 BIRILLO G36 2;PLPA
PLPA-PR-U21-010169;FC PAKOWANIE IFC T110;PLPA
PLPA-PR-U21-010169-001;FC PAKOWANIE IFC T110 1;PLPA
PLPA-PR-U21-010169-002;FC PAKOWANIE IFC T110 2;PLPA
PLPA-PR-U21-010170;FC PAKOWANIE CHOCAL T160;PLPA
PLPA-PR-U21-010170-001;FC PAKOWANIE CHOCAL T160;PLPA
PLPA-PR-U21-010172;FC PAKOWANIE IFC T55;PLPA
PLPA-PR-U21-010172-001;FC PAKOWANIE IFC T55;PLPA
PLPA-PR-U21-010172-002;FC PAKOWANIE IFC T55 2;PLPA
PLPA-PR-U21-010173;FC PAKOWANIE T15;PLPA
PLPA-PR-U21-010173-001;FC PAKOWANIE T15 1;PLPA
PLPA-PR-U21-010173-002;FC PAKOWANIE T15 2;PLPA
PLPA-PR-U21-010173-003;FC PAKOWANIE T15 3;PLPA
PLPA-PR-U21-010173-004;FC PAKOWANIE T15 4;PLPA
PLPA-PR-U21-010173-005;FC PAKOWANIE T15 5;PLPA
PLPA-PR-U21-010173-006;FC PAKOWANIE T15 6;PLPA
PLPA-PR-U21-010173-007;FC PAKOWANIE T15 FIMA;PLPA
PLPA-PR-U21-010179;FC PAKOWANIE IFC T75;PLPA
PLPA-PR-U21-010179-001;FC PAKOWANIE IFC T75 1;PLPA
PLPA-PR-U21-010179-002;FC PAKOWANIE IFC T75 2;PLPA
PLPA-PR-U21-010180;FC PAKOWANIE BIRILLONE G140;PLPA
PLPA-PR-U21-010180-001;FC PAKOWANIE BIRILLONE G140;PLPA
PLPA-PR-U21-010182;FC PAKOWANIE GR-08 GALLINA G138;PLPA
PLPA-PR-U21-010182-001;FC PAKOWANIE GR-08 GALLINA G138;PLPA
PLPA-PR-U21-010199;KS DOZOWNIKI ODRZYWOŁEK;PLPA
PLPA-PR-U22;UGP22 KINDER JOY;PLPA
PLPA-PR-U22-010320;KJ MODELOWANIE TARTUFINO;PLPA
PLPA-PR-U22-010320-001;KJ STREFA WYPIEKU WAFLA;PLPA
PLPA-PR-U22-010320-002;KJ MODELATOR TARTUFINO;PLPA
PLPA-PR-U22-010325;KJ LINIA 1;PLPA
PLPA-PR-U22-010325-001;KJ 1 MODELATOR;PLPA
PLPA-PR-U22-010325-002;KJ 1 PAKOWANIE;PLPA
PLPA-PR-U22-010326;KJ LINIA 2;PLPA
PLPA-PR-U22-010326-001;KJ 2 MODELATOR;PLPA
PLPA-PR-U22-010326-002;KJ 2 PAKOWANIE;PLPA
PLPA-PR-U22-010335;KJ T3 VALIGETTA;PLPA
PLPA-PR-U22-010337;KJ T3 SCHUBERT;PLPA
PLPA-PR-U22-019329;KJ TERMOFORMATURA;PLPA
PLPA-PR-U22-019329-001;KJ TERMOFORMOWANIE;PLPA
PLPA-PR-U22-019329-002;KJ FORMY;PLPA
PLPA-PR-U31;UGP31 NUTELLA + TOASTING;PLPA
PLPA-PR-U31-011330;Nutella T200 glass;PLPA
PLPA-PR-U31-011330-001;Nutella 200g;PLPA
PLPA-PR-U31-011330-002;Paletyzacja NU 200g;PLPA
PLPA-PR-U31-011331;Nutella T400;PLPA
PLPA-PR-U31-011331-001;Nutella 400g;PLPA
PLPA-PR-U31-011331-002;Paletyzacja NU 400g;PLPA
PLPA-PR-U31-011332;Nutella T750;PLPA
PLPA-PR-U31-011332-001;Nutella 750g;PLPA
PLPA-PR-U31-011332-002;Paletyzacja NU 750g;PLPA
PLPA-PR-U31-012012;Palarnia orzechów 1 Buhler;PLPA
PLPA-PR-U31-012013;Palarnia orzechów 4 Brovind;PLPA
PLPA-PR-U31-012016;Palarnia orzechów 3 Mini;PLPA
PLPA-PR-U31-012112;Palarnia orzechów 2 Barth;PLPA
PLPA-PR-U31-012120;Rozdrabnianie kakao;PLPA
PLPA-PR-U32;UGP32 PREPARATION + DEOD.;PLPA
PLPA-PR-U32-012010;PREP. Kremu RAF;PLPA
PLPA-PR-U32-012011;PREP. Kremu KB;PLPA
PLPA-PR-U32-012011-001;Preparacja kremu KJ/KB/KBW;PLPA
PLPA-PR-U32-012011-002;KBW Enrobing;PLPA
PLPA-PR-U32-012015;Dezodorator 1;PLPA
PLPA-PR-U32-012017;Pasta kokosowa RAF;PLPA
PLPA-PR-U32-012018;PREP. Kremu FC KS;PLPA
PLPA-PR-U32-012020;TOPIELNIKI PREP1;PLPA
PLPA-PR-U32-012021;KBD enrobing;PLPA
PLPA-PR-U32-012110;Prep2 Krem KB;PLPA
PLPA-PR-U32-012111;PREP. Kremu NUT;PLPA
PLPA-PR-U32-012111-001;PREP. Kremu NUT;PLPA
PLPA-PR-U32-012111-002;PREP. Kremu NUT/KJ;PLPA
PLPA-PR-U32-012113;PREP. KREM KBW;PLPA
PLPA-PR-U32-012115;Dezodorator 2;PLPA
PLPA-PR-U32-012118;FC Mild and Dark choc. mixing;PLPA
PLPA-PR-U32-012119;KB Rework;PLPA
PLPA-PR-U32-012210;Jasny krem (TAV/K CARDS/KJ);PLPA
PLPA-PR-U32-012210-001;Jasny krem (TAV/K CARDS/KJ);PLPA
PLPA-PR-U32-012210-002;White Chocolate;PLPA
PLPA-PR-U32-012211;Ciemny krem (K CARDS/KJ);PLPA
PLPA-PR-U32-012215;Dezodoryzator 3;PLPA
PLPA-PR-U32-012220;TOPIELNIKI PREP3;PLPA
PLPA-PR-U41;UGP41 KINDER BUENO MINI;PLPA
PLPA-PR-U41-011441;KB MINI 1.;PLPA
PLPA-PR-U41-011441-001;KB MINI 1. Modelator;PLPA
PLPA-PR-U41-011441-002;KB MINI 1. Pakowanie;PLPA
PLPA-PR-U41-011441-003;KB MINI 1. Pakowanie ABRIGO;PLPA
PLPA-PR-U41-011540;KB MINI 2. Modelator-nowy;PLPA
PLPA-PR-U41-011540-001;KB MINI 2. Piece;PLPA
PLPA-PR-U41-011540-002;KB MINI 2. Modelator(NALEWANIE);PLPA
PLPA-PR-U41-011541;KB MINI 2. Modelator(OBLEWANIE)+PAKOWANI;PLPA
PLPA-PR-U41-011541-001;KB MINI 2. Modelator(OBLEWANIE);PLPA
PLPA-PR-U41-011541-002;KB MINI 2. Pakowanie;PLPA
PLPA-PR-U41-011542;KB MINI 2. Pakowanie MIX;PLPA
PLPA-PR-U42;UGP42 KINDER BUENO WHITE;PLPA
PLPA-PR-U42-011442;KBW 1/COCO;PLPA
PLPA-PR-U42-011442-001;KBW 1. Piece z nawilżaczami;PLPA
PLPA-PR-U42-011442-002;KBW 1. Modelator;PLPA
PLPA-PR-U42-011442-003;KBW 1. Pakowanie;PLPA
PLPA-PR-U42-011443;KBW 2.;PLPA
PLPA-PR-U42-011443-001;KBW 2. Piece z nawilżaczami;PLPA
PLPA-PR-U42-011443-002;KBW 2. Modelator;PLPA
PLPA-PR-U42-011443-003;KBW 2. Pakowanie;PLPA
PLPA-PR-U42-011443-004;Paletyzacja IHS KS/RA/KBW;PLPA
PLPA-PR-U42-011646;KBW 1. Mastello;PLPA
PLPA-PR-U42-011647;KBW 2. Carton Case;PLPA
PLPA-PR-U43;UGP43 KINDER BUENO;PLPA
PLPA-PR-U43-011444;KB / KBW Isola Multipack;PLPA
PLPA-PR-U43-011445;KB 2.;PLPA
PLPA-PR-U43-011445-001;KB 2. Piece z nawilżaczami;PLPA
PLPA-PR-U43-011445-002;KB 2. Modelator;PLPA
PLPA-PR-U43-011445-003;KB 2. Pakowanie;PLPA
PLPA-PR-U43-011446;KB 2. Pakowanie T6;PLPA
PLPA-PR-U43-011447;KB 2. Carton Case;PLPA
PLPA-PR-U43-011544;KB Multipack 2(KB 3);PLPA
PLPA-PR-U43-011545;KB 3.;PLPA
PLPA-PR-U43-011545-001;KB 3. Piece z nawilżaczami;PLPA
PLPA-PR-U43-011545-002;KB 3. Modelator;PLPA
PLPA-PR-U43-011545-003;KB 3. Pakowanie;PLPA
PLPA-PR-UCL;CONTO LAVORO;PLPA
PLPA-PR-UCL-026565;Mix 1/4 PALLETT;PLPA
PLPA-PR-UCL-026565-001;MIX 1/4 PALLETT KINDER;PLPA
PLPA-PR-UCL-026565-002;MIX 1/4 PALLETT PRALINY;PLPA
PLPA-PR-UCL-026565-003;MANUAL CO-PACK ŁOWICZ (Partners) KINDER;PLPA
PLPA-PR-UCL-026565-004;MANUAL CO-PACK ŁOWICZ (Partners) PRALINY;PLPA
PLPA-PR-UCL-026567;A CAL G234;PLPA
PLPA-PR-UCL-026568;Flowpack Cards T2x12;PLPA
PLPA-PR-UCL-026569;Linia Kalendarzy KS T24/ G329;PLPA
PLPA-PR-UCL-026570;Manual line 1 - PELUCHE;PLPA
PLPA-PR-UCL-026571;Manual line 2 - PELUCHE;PLPA
PLPA-PR-UCL-026572;Manual line - KJ / KS;PLPA
PLPA-PR-UCL-026573;Linia BUNNY HOUSE 155G EASTER XXX;PLPA
PLPA-PR-UCL-026574;Manual line 5 - TIC TAC;PLPA
PLPA-PR-UCL-026575;TINS LINE;PLPA
PLPA-PR-UCL-026575-001;TINS LINE Kinder;PLPA
PLPA-PR-UCL-026575-002;TINS LINE Praliny;PLPA
PLPA-PR-UCL-026578;CAL BUENO G167;PLPA
PLPA-PR-UCL-026590;Pralines STELLA;PLPA
PLPA-PR-UCL-026590-001;Pralines CUBOTTO - LINE 1;PLPA
PLPA-PR-UCL-026590-002;Pralines CUBOTTO - LINE 2;PLPA
PLPA-PR-UCL-026591;Pralines CUBOTTO;PLPA
PLPA-PR-UCL-026592;Pralines CUBOTTO;PLPA
PLPA-PR-UCL-026592-001;Pralines CUBOTTO - LINE 1;PLPA
PLPA-PR-UCL-026592-002;Pralines CUBOTTO - LINE 2;PLPA
PLPA-PR-UCL-026594;CAL DBS T27;PLPA
PLPA-PR-UCL-026595;Manual line  (DBS T8/RAF TUBO);PLPA
PLPA-PR-UCL-026597;Manual line cal. dibesten domek XXX;PLPA
PLPA-PR-UCL-026598;PRALINES HANGABLE TINS;PLPA
PLPA-PR-UCL-026696;K MIX G34 TIN;PLPA
PLPA-PR-UCL-026699;CAL KINDER TRAIN G221;PLPA
PLPA-PR-UCL-036565;Manual production KS-Logi Pack;PLPA
PLPA-PR-UCL-056565;Manual co-packing Belsk;PLPA
PLPA-PR-UCL-066565;Manual co-packing Tavolette;PLPA
PLPA-PR-UCL-066566;Mixing toys;PLPA
PLPA-PR-UCL-066567;Manual co-packing Odrzywolek;PLPA
PLPA-PR-UCL-066568;Kinderino;PLPA
PLPA-PR-UCL-066569;Kinder Joy T2 box;PLPA
PLPA-PR-UCL-066570;Snack CAL295;PLPA
PLPA-PR-UCL-076566;Manual co-packing Lub CAL 149/203;PLPA
PLPA-PR-UCL-076567;Manual co-packing Lub CAL 351/236;PLPA
PLPA-PR-UCL-076568;Manual co-packing Lub CAL404;PLPA
PLPA-PR-UCL-076569;Manual co-packing Lub Mix bag;PLPA
PLPA-UT;Ferrero Polska Utilities;PLPA
PLPA-UT-001;Energetyka - Elektryczność;PLPA
PLPA-UT-001-100000;Energetyka - Elektryczność;PLPA
PLPA-UT-001-100000-001;Energetyka - Elektryczność;PLPA
PLPA-UT-021;DUP-Dział Urządzeń Pomocniczych;PLPA
PLPA-UT-021-100000;ENERGETYKA;PLPA
PLPA-UT-021-100000-001;Woda;PLPA
PLPA-UT-021-100000-002;XXXX;PLPA
PLPA-UT-021-100000-003;Gaz;PLPA
PLPA-UT-021-100000-004;Sprężone powietrze;PLPA
PLPA-UT-021-100000-005;Woda i próżnia;PLPA
PLPA-UT-021-100000-006;Ścieki;PLPA
PLPA-UT-021-100000-007;Gorąca woda;PLPA
PLPA-UT-021-100001;URZĄDZENIA ENERGETYCZNE NA LINIACH PROD.;PLPA
PLPA-UT-021-100001-001;RAF;PLPA
PLPA-UT-021-100001-002;KJ;PLPA
PLPA-UT-021-100001-003;KS;PLPA
PLPA-UT-021-100001-004;Ermetico;PLPA
PLPA-UT-021-100001-005;FC OPM;PLPA
PLPA-UT-021-100001-006;C Roche;PLPA
PLPA-UT-021-100001-007;C Summ;PLPA
PLPA-UT-021-100001-008;TT;PLPA
PLPA-UT-021-100001-009;NUT;PLPA
PLPA-UT-021-100001-010;Plastik;PLPA
PLPA-UT-021-100001-011;PREP;PLPA
PLPA-UT-021-100001-012;KBW;PLPA
PLPA-UT-021-100001-013;Multipa;PLPA
PLPA-UT-021-100001-014;KB 2;PLPA
PLPA-UT-021-100001-015;KB 3;PLPA
PLPA-UT-021-100001-016;Labolatorium;PLPA
PLPA-UT-021-100001-017;Magazyn Surowców;PLPA
PLPA-UT-021-100001-018;Magazyn Wyrobów Gotowych;PLPA
PLPA-UT-021-100001-019;Hala Paletyzacji;PLPA
PLPA-UT-021-100001-020;Magazyn Exportowy;PLPA
PLPA-UT-021-100002;KOTŁOWNIE;PLPA
PLPA-UT-021-100002-001;KOTŁOWNIA NR.1;PLPA
PLPA-UT-021-100002-002;KOTŁOWNIA NR.2  - DEZO 3;PLPA
PLPA-UT-021-100003;URZĄDZENIA POMOCNICZE;PLPA
PLPA-UT-021-100003-001;SILNIK JENBACHER;PLPA
PLPA-UT-021-100003-002;TURBINA MERCURY M50;PLPA
PLPA-UT-021-100003-003;KOMPRESOR GAZU;PLPA
PLPA-UT-021-100004;KLIMATYZACJA;PLPA
PLPA-UT-021-100004-001;HALA RAFFAELLO - BUDYNEK 6;PLPA
PLPA-UT-021-100004-002;MAGAZYN OPAKOWAŃ - BUDYNEK 5;PLPA
PLPA-UT-021-100004-003;MAGAZYN OPAKOWAŃ-ZAŁADUNEK-BUDYNEK 5;PLPA
PLPA-UT-021-100004-004;HALA FC/KB2 - BUDYNEK 16;PLPA
PLPA-UT-021-100004-005;HALA KJ/KB3/NUT/PLASTIKI - BUDYNEK 15;PLPA
PLPA-UT-021-100004-006;HALA B-READY - BUDYNEK 17;PLPA
PLPA-UT-021-100004-007;HUB-HALA WYSYŁEK - BUDYNEK 18 (A);PLPA
PLPA-UT-021-100004-008;HUB SILOS - BUDYNEK 18;PLPA
PLPA-UT-021-100004-009;HUB SILOS - BUDYNEK 18;PLPA
PLPA-UT-021-100004-010;MAGAZYN SUROWCOW- BUDYNEK 9;PLPA
PLPA-UT-021-100004-011;DEZODORATOR/TICTAC - BUDYNEK 7;PLPA
PLPA-UT-021-100004-012;WARSZTAT MECHANICZNY - BUDYNEK 12;PLPA
PLPA-UT-021-100004-013;ODPRAWA CELNA - BUDYNEK 5;PLPA
PLPA-UT-021-100004-014;BIUROWIEC (HALA RAFFAELLO)-BUDYNEK 6;PLPA
PLPA-UT-021-100004-015;LABORATORIUM;PLPA
PLPA-UT-021-100004-016;BIUROWIEC (B.SOCJALNY)-BUDYNEK 4;PLPA
PLPA-UT-021-100004-017;PREPARACJA 3 - BUDYNEK 14;PLPA
PLPA-UT-021-100004-018;OLEJARNIA 3 - BUDYNEK 21;PLPA
PLPA-UT-021-100004-019;ODRZYWOŁEK;PLPA
PLPA-UT-021-100004-020;LUBLIN;PLPA
PLPA-UT-031;XXX  NIE UŻYWAĆ  XXX;PLPA
PLPA-UT-041;Aminex,Myjki,Control Room,Mielenie odpad;PLPA
PLPA-UT-041-10000--05;Washing machine 4;PLPA
PLPA-UT-041-100000;Aminex,Myjki,Control Room,Mielenie odpad;PLPA
PLPA-UT-041-100000-001;Aminex (Ogólna produkcja);PLPA
PLPA-UT-041-100000-002;Myjka obszaru KS;PLPA
PLPA-UT-041-100000-003;Myjka obszaru FC;PLPA
PLPA-UT-041-100000-004;Myjka obszaru B-READY;PLPA
PLPA-UT-041-100000-005;Washing machine 4 RAF/TAB;PLPA
PLPA-UT-041-100000-006;Washing machine 5;PLPA
PLPA-UT-041-100000-007;Control room;PLPA
PLPA-UT-041-100000-008;Mielenie odpadów;PLPA
PLPA-ZZ;Inne koszty;PLPA
PLPA-ZZ-001;Inne koszty;PLPA
PLPA-ZZ-001-999999;Inne koszty;PLPA
PLPA-ZZ-001-999999-001;Szkolenia i inne koszty;PLPA
PLPA-ZZ-001-999999-002;Zebrania związkowe;PLPA
PLPA-ZZ-001-999999-999;Basket;PLPA
